id,title,fr-CA,fr-CA_name
508364821,Dalhousie University + onboardMD
448820141,onboardMD
448820144,onboardMD
448820147,onboardMD
448820150,onboardMD
448820153,onboardMD
448820156,onboardMD
448820159,onboardMD
448820162,onboardMD
448820165,onboardMD
448820168,onboardMD
448820171,onboardMD
448820174,onboardMD
448820177,onboardMD
448820180,onboardMD
448820183,onboardMD
448820186,onboardMD
448820189,onboardMD
448820192,onboardMD
448820195,onboardMD
448820198,onboardMD
448820201,onboardMD
448820204,onboardMD
448820207,onboardMD
448820210,onboardMD
448820213,onboardMD
448820216,onboardMD
448820219,onboardMD
448820222,onboardMD
448820225,onboardMD
448820228,onboardMD
448820231,onboardMD
448820234,onboardMD
448820237,onboardMD
448820240,onboardMD
448820243,onboardMD
448820246,onboardMD
448820249,onboardMD
448820252,onboardMD
448820255,onboardMD
448820258,onboardMD
448820261,onboardMD
448820264,onboardMD
448820267,onboardMD
448820270,onboardMD
448820273,onboardMD
448820276,onboardMD
448820279,onboardMD
448820282,onboardMD
448820285,onboardMD
448820288,onboardMD
448820291,onboardMD
448820294,onboardMD
448820297,onboardMD
448820300,onboardMD
448820303,onboardMD
448820306,onboardMD
448820309,onboardMD
448820312,onboardMD
448820315,onboardMD
448820318,onboardMD
448820321,onboardMD
448820324,onboardMD
448820327,onboardMD
448820330,onboardMD
448820333,onboardMD
448820336,onboardMD
448820339,onboardMD
448820342,onboardMD
448820345,onboardMD
448820348,onboardMD
448820351,onboardMD
448820354,onboardMD
448820357,onboardMD
448820360,onboardMD
448820363,onboardMD
448820366,onboardMD
448820369,onboardMD
448820372,onboardMD
448820375,onboardMD
448820378,onboardMD
448820381,onboardMD
448820384,onboardMD
448820387,onboardMD
448820390,onboardMD
448820393,onboardMD
448820396,onboardMD
448820399,onboardMD
448820402,onboardMD
448820405,onboardMD
448820408,onboardMD
448820411,onboardMD
448820414,onboardMD
448820417,onboardMD
448820420,onboardMD
448820423,onboardMD
448820426,onboardMD
448820429,onboardMD
448820432,onboardMD
448820435,onboardMD
448820438,onboardMD
448820441,onboardMD
448820444,onboardMD
448820447,onboardMD
448820450,onboardMD
448820453,onboardMD
448820456,onboardMD
448820459,onboardMD
448820462,onboardMD
448820465,onboardMD
448820468,onboardMD
448820471,onboardMD
448820474,onboardMD
448820477,onboardMD
448820480,onboardMD
448820483,onboardMD
448820486,onboardMD
448820489,onboardMD
448820492,onboardMD
448820495,onboardMD
448820498,onboardMD
448820501,onboardMD
448820504,onboardMD
448820507,onboardMD
448820510,onboardMD
448820513,onboardMD
448820516,onboardMD
448820519,onboardMD
448820522,onboardMD
448820525,onboardMD
448820528,onboardMD
448820531,onboardMD
448820534,onboardMD
448820537,onboardMD
448820540,onboardMD
448820543,onboardMD
448820546,onboardMD
448820549,onboardMD
448820552,onboardMD
448820555,onboardMD
448820558,onboardMD
448820561,onboardMD
448820564,onboardMD
448820567,onboardMD
448820570,onboardMD
448820573,onboardMD
448820576,onboardMD
448820579,onboardMD
448820582,onboardMD
448820585,onboardMD
448820588,onboardMD
448820591,onboardMD
448820594,onboardMD
448820597,onboardMD
448820600,onboardMD
448820603,onboardMD
448820606,onboardMD
448820609,onboardMD
448820612,onboardMD
448820615,onboardMD
448820618,onboardMD
448820621,onboardMD
448820624,onboardMD
448820627,onboardMD
448820630,onboardMD
448820633,onboardMD
448820636,onboardMD
448820639,onboardMD
448820642,onboardMD
448820645,onboardMD
448820648,onboardMD
448820651,onboardMD
448820654,onboardMD
448820657,onboardMD
448820660,onboardMD
448820663,onboardMD
448820666,onboardMD
448820669,onboardMD
448820672,onboardMD
448820675,onboardMD
448820678,onboardMD
448820681,onboardMD
448820684,onboardMD
448820687,onboardMD
448820690,onboardMD
448820693,onboardMD
448820696,onboardMD
448820699,onboardMD
448820702,onboardMD
448820705,onboardMD
448820708,onboardMD
448820711,onboardMD
448820714,onboardMD
448820717,onboardMD
448820720,onboardMD
448820723,onboardMD
448820726,onboardMD
448820729,onboardMD
448820732,onboardMD
448820735,onboardMD
448820738,onboardMD
448820741,onboardMD
448820744,onboardMD
448820747,onboardMD
448820750,onboardMD
448820753,onboardMD
448820756,onboardMD
448820759,onboardMD
448820762,onboardMD
448820765,onboardMD
448820768,onboardMD
448820771,onboardMD
448820774,onboardMD
448820777,onboardMD
448820780,onboardMD
448820783,onboardMD
448820786,onboardMD
448820789,onboardMD
448820792,onboardMD
448820795,onboardMD
448820798,onboardMD
448820801,onboardMD
448820804,onboardMD
448820807,onboardMD
448820810,onboardMD
448820813,onboardMD
448820816,onboardMD
448820819,onboardMD
448820822,onboardMD
448820825,onboardMD
448820828,onboardMD
448820831,onboardMD
448820834,onboardMD
448820837,onboardMD
448820840,onboardMD
448820843,onboardMD
448820846,onboardMD
448820849,onboardMD
448820852,onboardMD
448820855,onboardMD
448820858,onboardMD
448820861,onboardMD
448820864,onboardMD
448820867,onboardMD
448820870,onboardMD
448820873,onboardMD
448820876,onboardMD
448820879,onboardMD
448820882,onboardMD
448820885,onboardMD
448820888,onboardMD
448820891,onboardMD
448820894,onboardMD
448820897,onboardMD
448820900,onboardMD
448820903,onboardMD
448820906,onboardMD
448820909,onboardMD
448820912,onboardMD
448820915,onboardMD
448820918,onboardMD
448820921,onboardMD
448820924,onboardMD
448820927,onboardMD
448820930,onboardMD
448820933,onboardMD
448820936,onboardMD
448820939,onboardMD
448820942,onboardMD
448820945,onboardMD
448820948,onboardMD
448820951,onboardMD
448820954,onboardMD
448820957,onboardMD
448820960,onboardMD
448820963,onboardMD
448820966,onboardMD
448861244,onboardMD
449120066,onboardMD
449301029,onboardMD
449559032,onboardMD
450558572,onboardMD
451963247,onboardMD
452161808,onboardMD
452442236,onboardMD
452697482,onboardMD
452932694,onboardMD
453900179,onboardMD
454167104,onboardMD
454409093,onboardMD
454691006,onboardMD
455704583,onboardMD
455716544,onboardMD
455962226,onboardMD
456229496,onboardMD
457094294,onboardMD
457349999,onboardMD
457605719,onboardMD
457861826,onboardMD
458127128,onboardMD
458801648,onboardMD
459057698,onboardMD
459304073,onboardMD
459562979,onboardMD
459815729,onboardMD
460502291,onboardMD
462220382,onboardMD
462774005,onboardMD
462810008,onboardMD
463012529,onboardMD
463267937,onboardMD
463981754,onboardMD
464285624,onboardMD
464508641,onboardMD
465783482,onboardMD
466041047,onboardMD
466308356,onboardMD
466577312,onboardMD
466844360,onboardMD
467565368,onboardMD
467577122,onboardMD
467864669,onboardMD
468092747,onboardMD
468345320,onboardMD
468614954,onboardMD
469876961,onboardMD
470143388,onboardMD
470463185,onboardMD
471153323,onboardMD
471427001,onboardMD
471679787,onboardMD
471951692,onboardMD
472230677,onboardMD
477293264,onboardMD
477293267,onboardMD
477293270,onboardMD
477293273,onboardMD
477293276,onboardMD
477293279,onboardMD
477293282,onboardMD
477293285,onboardMD
477293288,onboardMD
477293291,onboardMD
477293294,onboardMD
477364013,onboardMD
477581513,onboardMD
478491383,onboardMD
478751603,onboardMD
479233349,onboardMD
480162962,onboardMD
480646955,onboardMD
480888716,onboardMD
481558787,onboardMD
482071121,onboardMD
482350727,onboardMD
482615909,onboardMD
483266801,onboardMD
483294065,onboardMD
483542348,onboardMD
485763290,onboardMD
486638291,onboardMD
487126133,onboardMD
487378901,onboardMD
487614401,onboardMD
493130345,onboardMD
493130348,onboardMD
493130351,onboardMD
493130354,onboardMD
493130357,onboardMD
493130360,onboardMD
493130363,onboardMD
493130366,onboardMD
493171706,onboardMD
493349696,onboardMD
493409060,onboardMD
493599840,onboardMD
493628826,onboardMD
493861965,onboardMD
493892403,onboardMD
494111991,onboardMD
494138871,onboardMD
494310429,onboardMD
494755998,onboardMD
494813058,onboardMD
495002619,onboardMD
495060717,onboardMD
495244704,onboardMD
495278277,onboardMD
495522180,onboardMD
495553659,onboardMD
495771438,onboardMD
495801117,onboardMD
495978852,onboardMD
496449870,onboardMD
496480626,onboardMD
496704951,onboardMD
496735251,onboardMD
496770936,onboardMD
496985388,onboardMD
497017449,onboardMD
497061111,onboardMD
497244927,onboardMD
497272734,onboardMD
497301201,onboardMD
497563413,onboardMD
497563416,onboardMD
497717922,onboardMD
497933301,onboardMD
498192684,onboardMD
498239832,onboardMD
498239835,onboardMD
498272046,onboardMD
498453978,onboardMD
498484947,onboardMD
498514914,onboardMD
498752100,onboardMD
498797220,onboardMD
498974832,onboardMD
499004340,onboardMD
499046343,onboardMD
499231335,onboardMD
499259502,onboardMD
499453956,onboardMD
499924839,onboardMD
500000394,onboardMD
500044308,onboardMD
500195865,onboardMD
500241201,onboardMD
500459565,onboardMD
500473200,onboardMD
500674821,onboardMD
500707707,onboardMD
500736402,onboardMD
500765112,onboardMD
500960244,onboardMD
500986356,onboardMD
501165156,onboardMD
501616416,onboardMD
501649914,onboardMD
501850950,onboardMD
501896922,onboardMD
502088467,onboardMD
502132429,onboardMD
502160362,onboardMD
502340333,onboardMD
502380002,onboardMD
502415189,onboardMD
502574213,onboardMD
502623533,onboardMD
502781804,onboardMD
503248640,onboardMD
503283059,onboardMD
503474438,onboardMD
503558411,onboardMD
503603480,onboardMD
503748284,onboardMD
503818391,onboardMD
503999945,onboardMD
516070003,onboardMD
516070006,onboardMD
516070009,onboardMD
516070012,onboardMD
516070015,onboardMD
516070018,onboardMD
516070021,onboardMD
516070024,onboardMD
516070027,onboardMD
516070030,onboardMD
516070033,onboardMD
516070036,onboardMD
516070039,onboardMD
516070042,onboardMD
516070045,onboardMD
516070048,onboardMD
516070051,onboardMD
516070054,onboardMD
516070057,onboardMD
516070060,onboardMD
516070063,onboardMD
516070066,onboardMD
516070069,onboardMD
516070072,onboardMD
516070075,onboardMD
516105058,onboardMD
516170473,onboardMD
516382363,onboardMD
516415864,onboardMD
516445210,onboardMD
516666325,onboardMD
516707713,onboardMD
516892747,onboardMD
517412413,onboardMD
517475941,onboardMD
517705090,onboardMD
517974706,onboardMD
518005675,onboardMD
518037682,onboardMD
518251408,onboardMD
518286190,onboardMD
518319010,onboardMD
518520058,onboardMD
518596408,onboardMD
518779339,onboardMD
519314938,onboardMD
519371206,onboardMD
519604330,onboardMD
519636100,onboardMD
519670069,onboardMD
519880645,onboardMD
519912694,onboardMD
519929050,onboardMD
519945415,onboardMD
520163200,onboardMD
520196278,onboardMD
520229890,onboardMD
520447411,onboardMD
520477795,onboardMD
520511023,onboardMD
520691581,onboardMD
521235241,onboardMD
521268361,onboardMD
521300980,onboardMD
521527726,onboardMD
521559805,onboardMD
521575708,onboardMD
521812120,onboardMD
521844946,onboardMD
521881219,onboardMD
522140914,onboardMD
522140917,onboardMD
522171127,onboardMD
522382090,onboardMD
522411658,onboardMD
522426739,onboardMD
522620557,onboardMD
523146922,onboardMD
523192819,onboardMD
523416847,onboardMD
523442002,onboardMD
523501111,onboardMD
523717792,onboardMD
523717795,onboardMD
523750765,onboardMD
523783027,onboardMD
524001901,onboardMD
524034415,onboardMD
524054080,onboardMD
524277709,onboardMD
524312467,onboardMD
524343883,onboardMD
524531002,onboardMD
525051760,onboardMD
525119197,onboardMD
525354697,onboardMD
525370327,onboardMD
525403666,onboardMD
525635815,onboardMD
525652852,onboardMD
525683524,onboardMD
525908491,onboardMD
525939331,onboardMD
525953047,onboardMD
526170505,onboardMD
526202278,onboardMD
526220539,onboardMD
526407952,onboardMD
526902118,onboardMD
526926265,onboardMD
526939864,onboardMD
527151280,onboardMD
527182249,onboardMD
527212729,onboardMD
527413918,onboardMD
527446666,onboardMD
527479057,onboardMD
527655706,onboardMD
527687350,onboardMD
527687353,onboardMD
527704432,onboardMD
527751742,onboardMD
527935717,onboardMD
527952541,onboardMD
528027274,onboardMD
528313240,onboardMD
542695990,onboardMD
542695996,onboardMD
542696002,onboardMD
542696008,onboardMD
542696014,onboardMD
542696020,onboardMD
542696023,onboardMD
542696029,onboardMD
542696035,onboardMD
542696041,onboardMD
542696047,onboardMD
542696053,onboardMD
542696059,onboardMD
542696065,onboardMD
542696071,onboardMD
542696074,onboardMD
542696077,onboardMD
542696080,onboardMD
542696083,onboardMD
542696086,onboardMD
542696089,onboardMD
542696092,onboardMD
542696095,onboardMD
542696098,onboardMD
542696101,onboardMD
542717731,onboardMD
542892256,onboardMD
542917984,onboardMD
542942209,onboardMD
543119122,onboardMD
543166165,onboardMD
543361426,onboardMD
543361435,onboardMD
543383482,onboardMD
543552274,onboardMD
543594217,onboardMD
543727909,onboardMD
544101136,onboardMD
544148458,onboardMD
544304626,onboardMD
544324615,onboardMD
544346185,onboardMD
544503340,onboardMD
544543177,onboardMD
544715995,onboardMD
544757311,onboardMD
544905832,onboardMD
544945246,onboardMD
545073478,onboardMD
545453953,onboardMD
545494726,onboardMD
545656234,onboardMD
545677252,onboardMD
545698705,onboardMD
545870116,onboardMD
545890585,onboardMD
545912650,onboardMD
546078535,onboardMD
546120889,onboardMD
546308335,onboardMD
546439783,onboardMD
546972839,onboardMD
547026713,onboardMD
547269959,onboardMD
547308875,onboardMD
547345322,onboardMD
547590323,onboardMD
547631060,onboardMD
547650194,onboardMD
547902260,onboardMD
547961273,onboardMD
548211323,onboardMD
548485055,onboardMD
549101402,onboardMD
549151667,onboardMD
549398768,onboardMD
549436229,onboardMD
549471950,onboardMD
549718466,onboardMD
549754676,onboardMD
549771104,onboardMD
550033379,onboardMD
550087931,onboardMD
550335134,onboardMD
550406120,onboardMD
550637468,onboardMD
551208389,onboardMD
551280896,onboardMD
551540072,onboardMD
551574893,onboardMD
551611121,onboardMD
551863112,onboardMD
551919305,onboardMD
551937125,onboardMD
552189485,onboardMD
552242897,onboardMD
552490484,onboardMD
552561311,onboardMD
552784208,onboardMD
553371599,onboardMD
553424987,onboardMD
553671971,onboardMD
553708496,onboardMD
553742420,onboardMD
553996175,onboardMD
554030474,onboardMD
554047529,onboardMD
554297174,onboardMD
495486774,Figure out your budget with the burrito exchange rate
497457450,Everything you always wanted to know about student lines of credit (but were afraid to ask)
497487447,Medical students’ biggest money questions
460548437,Management expense ratio: where your money goes
460548440,Starting your medical career
460548443,4 financial challenges for new physicians
460548446,4 financial challenges facing medical residents
460548449,Infographic: Is incorporation right for your medical practice?
460548452,A Physician's financial life journey
460548455,What kind of MD investor are you?
460548458,5 ways to lower your medical school debt
460548461,Saving is easy with a Tax-Free Savings Account (TFSA)
460548464,4 Financial Challenges of Medical Students
460548467,The Hidden cost of final year of medical school
460548473,Why you may want to diversify with emerging market equities
460548476,Six financial challenges for new physicians
460548479,Easy tips for saving more money
460548482,Things to ask before you invest
462788327,6 myths about TFSAs
469870025,Growth through compounding
471428831,The final login
473026610,2017 Tax Guide
494140428,Introducing MD Precision Index Portfolios™
496456524,Easy tips for saving more money
513865981,Tax deductions and credits all physicians should know about
514119286,Is incorporation right for your medical practice?
514119289,The hidden cost of final year of medical school
514153689,Tax deductions and credits all physicians should know about
514767544,Putting market volatility in perspective
514769020,Registered disability savings plans
536432176,Residents: 3 steps to prioritizing your goals
537634852,How Canadian physicians are preparing for retirement
562228656,Planning for retirement - focus on lifestyle first
565847348,Pursuing a fulfilling retirement
570433284,Are you ready for these 4 financial challenges
580374804,Best order for drawing your your retirement income
622414178,Real cost of owning a home,622414403,Acheter une maison combien ça coûte vraiment
624756107,Investing Regularly: The power of a pre-authorized contribution plan,624758546,Investir régulièrement: Le secret des cotisations automatiques
519564763,What is locuming?,520212859,Suppléance 101
519572650,Super-secret insider tips for aspiring locums,,
519574192,"Locuming: The good, bad, ugly, and awesome",,
519579529,HealthCare professional statement of work,,
445720601,The value of saying no,,
445720607,When doctors take to the pitch,,
445720610,The three lessons I learned from cancer,,
445720613,Why I’m becoming a physician,,
445720616,What it’s like when you don’t match,,
445720646,"Unexpected, unspoken, super-secret lifehacks for surviving med school",,
445720649,"Good for the patient, good for the soul",,
445720655,Can you practice better medicine by getting better sleep?,,
445720658,Physician health and well-being – from the bedside to the Canadian Medical Association,,
446005079,Put your best self forward,,
447401783,Football dreams do come true,,
449061920,"Out of the classroom, into the community",,
452396243,Top 5 most popular posts this month,,
457861829,How soccer can unite the world,,
459122204,Future Leaders Profile: Yaeesh Sardiwalla,,
460751432,The best of the internet: Back to school edition,,
462749033,Future Leaders Profile: Jenna Smith-Forrester,,
470441303,Future Leaders Profile: Stephanie Gill,,
471923447,"A story of football (soccer), medicine, and family",,
474070457,Terrifying Halloween tales  (that only med students will be scared by),,
475531397,Future Leaders Profile: Linda Lam,,
477336491,"Strong on the pitch, student on the sidelines",,
483300251,Future Leaders Profile: Frank Battaglia,,
484075115,The power of a soccer ball,,
490208918,Our top 5 most popular posts of 2018,,
496449444,The transition experience: Dr. Simon Moore,,
500218662,Building a bridge to health,,
503545451,"Q&A with Dr. Ian Auld, head physician for the Calgary Flames",,
514176504,The hidden curriculum of medicine,,
520415581,Locuming 101: Haneen Abu-Remaileh and the birth of the ultimate locum resource,,
520467658,Studying abroad: My journey,,
527435218,Future Leaders Profile: Tina Guo,,
533126173,"CBC’s Dr. Brian Goldman, part 1: From med school to the broadcast booth",,
535524622,"Q&A with Dr. Mitchell Abrams, physician, musician, and educator",,
535982191,"CBC’s Dr. Brian Goldman, part 2: What does the future of medicine look like?",,
544881685,How to make big decisions the right way (with no regrets),,
551569634,Undergraduate summer: Research or relaxation?,,
553701050,Future Leaders Profile: Philip Edgcumbe,,
561924891,Future Leaders Profile: Niharika Shahi,,
571445732,What kind of doctor do I want to be when I grow up?,,
612477144,COVID-19 UPDATE: McGill students provide support to frontline workers,,
613555764,COVID-19 UPDATE: Western students’ offer to help goes viral in the best possible way,,
614290665,COVID-19 UPDATE: How med students in Toronto have filled the PPE gap,,
615032964,COVID-19 UPDATE: Northern Ontario students addressing the unique need of their region,,
615855900,COVID-19 UPDATE: UBC students step up to combat the pandemic,,
616659824,COVID-19 UPDATE: Alberta contact tracing initiative turns heads around the world,,
618320693,Allen Champagne is changing the game,,
619125704,COVID-19 UPDATE: First-year Western students bringing PPE to those in need,,
620473994,My unexpected path into med school,,
622262966,Connected to opportunity,,
623404595,An emergency physician’s view of COVID-19,,
624309209,COVID-19: Med student delivery services feed those in need,,
637687648,Finding your place in medicine: One med student’s perspective,,
639967882,Future Leader Profile: Kaitlin Endres,640711621,Portrait d’une future leader : Kaitlin Endres
641007100,Advice for pre-med students: How to navigate COVID-19 uncertainty,641007520,Conseils aux aspirants étudiants en médecine : surmonter l’incertitude liée à la COVID-19
478284899,It's about to get interest(ing),,
490228775,Travel hacks: One mile at a time,,
501847203,Saving & investing – foundational knowledge that pays dividends,,
505525616,Making the transition: Med student to resident,,
509420494,Nutrition wellness,,
514110097,Taking time for taxes,,
547262288,onboardMD App - Q&A with Alok Ahuja,,
498451782,"2019: A new app, hockey doctors, burrito-based money tips, and more!",,
500496777,Is Valentine’s Day the most medical of all holidays?,,
504022685,It's tax season... and we've found you a great deal!,,
504982964,We're going mobile!,,
510049579,Exclusive: Get a sneak peek of our new mobile app,,
515778820,Beat the crowd and get a chance to win the Ultimate Pre-Med Prize,,
516075322,onboardMD app launch contest - Rules and Regulations,,
516156160,The truth about robo-advisors,,
520484479,App Preview: Journey is getting interactive,,
521521852,Sign up to win the Ultimate Pre-Med Prize,,
526919830,Meet the winner of the Ultimate Pre-med Prize!,,
527937349,Want to sign up for onboardMD?,,
538015651,How should med students spend their summers?,,
538434781,You got in! Now what?,,
541400272,The 10 best beach reads for med students,,
550287875,Explore the new onboardMD app!,,
551565707,Is a Return of Service Program right for you?,,
554575457,BREAKING: Our new mobile app is here!,,
559776816,"Back to life, back to reality",,
569222006,The science of music for med students,,
572355466,"The Past, Present, and Future of Med School",,
575863364,The truth about artificial intelligence in medicine,,
577710408,A med student's guide to (not) procrastinating,,
580165448,Why climate change matters,,
583244829,5 best last-minute gifts for med students,,
591238929,Our 10 most popular posts of 2019,,
599422086,The reality of medical TV,,
600466698,Need help with your taxes? We've found you a great deal!,,
605926569,The coronavirus (COVID-19): what med students need to know,,
607564593,COVID-19 weekly update 04/02: med students making a difference,,
610058607,COVID-19 UPDATE: med students lead the charge to protect health care workers,,
613424229,COVID-19 UPDATE: A guide to financial support for students,,
613935333,COVID-19 UPDATE: Med students and mental health,,
616536710,For the ones we love,,
625665464,How should med students spend their summer?,625671245,Quoi faire de son été quand on étudie en médecine?
629592368,Everything you wanted to know about family medicine,,
448783946,Starting Your Practice,,
448785299,Electronic Medical Records,,
448785443,Evaluating Practice Opportunities: Family Medicine,,
448785506,Evaluating Practice Opportunities: Specialists,,
448785509,Financial Planning,,
448785563,Getting Started As a Professional,,
448785728,Physician Remuneration Options,,
448785800,Personal and Professional Insurance,,
448786931,Legal Issues For Physicians,,
448787009,Medical Records Management,,
448787114,Negotiating A Mutually Beneficial Locum,,
448787213,Principles of Negotiation,,
448787258,Staffing and Human Resources,,
448792028,Setting Up Your Medical or Clinical Office,,
448792031,Checklist: What to do before starting practice - family medicine,,
448792085,Locum evaluation checklist,,
448792136,Practice evaluation checklist,,
448792274,Short term vs long term salaried-positions,,
448793663,Group vs solo practice,,
448793747,Do's and dont's of staffing,,
448793786,Office set up checklist,,
448793969,Sample interview questions for hiring staff,,
448794095,Key contract points group practice,,
448795199,Checklist: Getting started as a professional,,
452880566,Personal and Professional Accounting and Taxation,,
494728974,3c186d_7fe2c5281cde4ac0a78a89f2de43695c_mv2,,
460549895,Starting Your Practice,,
460549898,Electronic Medical Records,,
460549901,Evaluating Practice Opportunities: Family Medicine,,
460549904,Evaluating Practice Opportunities: Specialists,,
460549907,Financial Planning,,
460549910,Getting Started As a Professional,,
460549913,Physician Remuneration Options,,
460549916,Personal and Professional Accounting and Taxation,,
460549919,Personal and Professional Insurance,,
460549922,Legal Issues For Physicians,,
460549925,Medical Records Management,,
460549928,Negotiating A Mutually Beneficial Locum,,
460549931,Negotiating A Mutually Beneficial Locum,,
460549934,Principles of Negotiation,,
460549937,Staffing and Human Resources,,
460549940,Setting Up Your Medical or Clinical Office,,
460549943,Checklist: What To Do Before Starting Practice- Family Medicine,,
460549946,Locum Evaluation Checklist,,
460549949,Practice Evaluation Checklist,,
460549952,Short Term vs Long Term Salaried-Positions,,
460549955,Group vs Solo Practice,,
460549958,Do's and Dont's of Staffing,,
460549961,Office Set Up Checklist,,
460549964,Sample Interview Questions For Hiring Staff,,
460549967,Key Contract Points Group Practice,,
460549970,Checklist: Getting Started As A Professional,,
460549973,Electronic Medical Records,,
460549976,Personal and Professional Accounting and Taxation,,
494728977,3c186d_7fe2c5281cde4ac0a78a89f2de43695c_mv2,,
475087805,Everything you need to know about CaRMS,665181512,Tout ce que vous devez savoir sur le jumelage de CaRMS
475287026,CaRMS timeline for medical students (2020-2021),,
475304555,Tips and tricks to make the most of residency matching,,
493830771,"Transition to practice: “You’re welcome, future self!”",,
493866903,"Pick a practice, any practice!",,
493870872,Practice management team: Assemble!,,
494730558,35 Useful tips for new in practice physicians,,
507209020,onboardMD,,
507388381,onboardMD,,
507434785,onboardMD,,
507474847,onboardMD,,
507641785,onboardMD,,
507699688,onboardMD,,
507867049,onboardMD,,
508306708,onboardMD,,
508335433,onboardMD,,
508364713,onboardMD,,
508377994,onboardMD,,
508574764,onboardMD,,
508592215,onboardMD,,
508622554,onboardMD,,
508652191,onboardMD,,
508863991,onboardMD,,
508892545,onboardMD,,
508921666,onboardMD,,
509080435,onboardMD,,
509110609,onboardMD,,
509158678,onboardMD,,
509193163,onboardMD,,
509390389,onboardMD,,
509419084,onboardMD,,
509419087,onboardMD,,
509449981,onboardMD,,
509610259,onboardMD,,
510060217,onboardMD,,
510089857,onboardMD,,
510128194,onboardMD,,
510309208,onboardMD,,
510323485,onboardMD,,
510337039,onboardMD,,
510383629,onboardMD,,
510383632,onboardMD,,
510399379,onboardMD,,
510602122,onboardMD,,
510633847,onboardMD,,
510674923,onboardMD,,
510848464,onboardMD,,
510879394,onboardMD,,
510879397,onboardMD,,
510914164,onboardMD,,
511099606,onboardMD,,
511099609,onboardMD,,
511129843,onboardMD,,
511157887,onboardMD,,
511325371,onboardMD,,
511336534,onboardMD,,
511370401,onboardMD,,
511760338,onboardMD,,
511803337,onboardMD,,
511834774,onboardMD,,
511862557,onboardMD,,
512027659,onboardMD,,
512041192,onboardMD,,
512058241,onboardMD,,
512090119,onboardMD,,
512137330,onboardMD,,
512328805,onboardMD,,
512375236,onboardMD,,
512602267,onboardMD,,
512632941,onboardMD,,
512684853,onboardMD,,
512876122,onboardMD,,
512931730,onboardMD,,
513101716,onboardMD,,
513612394,onboardMD,,
513628183,onboardMD,,
513657304,onboardMD,,
513685366,onboardMD,,
513852115,onboardMD,,
513884227,onboardMD,,
513917008,onboardMD,,
513932185,onboardMD,,
514128543,onboardMD,,
514128546,onboardMD,,
514162851,onboardMD,,
514197609,onboardMD,,
514214589,onboardMD,,
514214592,onboardMD,,
514449519,onboardMD,,
514482876,onboardMD,,
514533330,onboardMD,,
514749991,onboardMD,,
514781314,onboardMD,,
514796896,onboardMD,,
514815016,onboardMD,,
514827757,onboardMD,,
514997692,onboardMD,,
515046055,onboardMD,,
515046058,onboardMD,,
515046061,onboardMD,,
515545648,onboardMD,,
515576089,onboardMD,,
515607451,onboardMD,,
515822506,onboardMD,,
515870860,onboardMD,,
516086152,onboardMD,,
516104863,onboardMD,,
516170260,onboardMD,,
516350485,onboardMD,,
516382336,onboardMD,,
516414736,onboardMD,,
516444115,onboardMD,,
516666178,onboardMD,,
516707587,onboardMD,,
516904009,onboardMD,,
517412392,onboardMD,,
517475896,onboardMD,,
517706167,onboardMD,,
517735705,onboardMD,,
517974829,onboardMD,,
518005738,onboardMD,,
518037754,onboardMD,,
518251477,onboardMD,,
518286268,onboardMD,,
518319313,onboardMD,,
518520112,onboardMD,,
518520115,onboardMD,,
518596465,onboardMD,,
518779441,onboardMD,,
519315043,onboardMD,,
519371260,onboardMD,,
519604432,onboardMD,,
519636208,onboardMD,,
519669037,onboardMD,,
519880030,onboardMD,,
519880033,onboardMD,,
519880036,onboardMD,,
519880039,onboardMD,,
519880042,onboardMD,,
519880045,onboardMD,,
519880051,onboardMD,,
519895444,onboardMD,,
519895447,onboardMD,,
519895450,onboardMD,,
519895453,onboardMD,,
519895456,onboardMD,,
519895459,onboardMD,,
519912691,onboardMD,,
519945397,onboardMD,,
520162051,onboardMD,,
520196200,onboardMD,,
520229866,onboardMD,,
520447327,onboardMD,,
520462408,onboardMD,,
520477720,onboardMD,,
520493134,onboardMD,,
520511086,onboardMD,,
520691497,onboardMD,,
521235226,onboardMD,,
521268358,onboardMD,,
521300932,onboardMD,,
521527753,onboardMD,,
521559808,onboardMD,,
521575702,onboardMD,,
521812117,onboardMD,,
521844940,onboardMD,,
521881141,onboardMD,,
522108040,onboardMD,,
522140848,onboardMD,,
522140851,onboardMD,,
522156163,onboardMD,,
522382072,onboardMD,,
522411592,onboardMD,,
522442873,onboardMD,,
522620554,onboardMD,,
523114750,onboardMD,,
523146868,onboardMD,,
523192732,onboardMD,,
523416733,onboardMD,,
523441831,onboardMD,,
523500025,onboardMD,,
523717621,onboardMD,,
523717624,onboardMD,,
523750753,onboardMD,,
523782982,onboardMD,,
523982851,onboardMD,,
524000737,onboardMD,,
524000740,onboardMD,,
524034280,onboardMD,,
524053045,onboardMD,,
524277559,onboardMD,,
524312344,onboardMD,,
524343829,onboardMD,,
524530993,onboardMD,,
525051679,onboardMD,,
525119260,onboardMD,,
525354637,onboardMD,,
525354640,onboardMD,,
525370228,onboardMD,,
525403474,onboardMD,,
525403483,onboardMD,,
525601054,onboardMD,,
525601057,onboardMD,,
525635947,onboardMD,,
525652906,onboardMD,,
525683731,onboardMD,,
525908560,onboardMD,,
525939403,onboardMD,,
525939406,onboardMD,,
525953095,onboardMD,,
525953098,onboardMD,,
525980653,onboardMD,,
526139638,onboardMD,,
526170637,onboardMD,,
526202494,onboardMD,,
526220614,onboardMD,,
526220617,onboardMD,,
526408123,onboardMD,,
526876606,onboardMD,,
526902220,onboardMD,,
526902223,onboardMD,,
526926343,onboardMD,,
526939969,onboardMD,,
527151370,onboardMD,,
527167339,onboardMD,,
527182414,onboardMD,,
527196022,onboardMD,,
527212768,onboardMD,,
527413999,onboardMD,,
527446726,onboardMD,,
527479219,onboardMD,,
527655643,onboardMD,,
527671867,onboardMD,,
527687437,onboardMD,,
527720809,onboardMD,,
527936833,onboardMD,,
527953507,onboardMD,,
527970208,onboardMD,,
527997649,onboardMD,,
527997652,onboardMD,,
528027325,onboardMD,,
528313312,onboardMD,,
529065745,onboardMD,,
529109398,onboardMD,,
529152802,onboardMD,,
529152805,onboardMD,,
529182319,onboardMD,,
529455961,onboardMD,,
529455964,onboardMD,,
529528564,onboardMD,,
529559521,onboardMD,,
529628710,onboardMD,,
529663903,onboardMD,,
529897288,onboardMD,,
529925350,onboardMD,,
529974532,onboardMD,,
530003269,onboardMD,,
530331985,onboardMD,,
530364346,onboardMD,,
530379829,onboardMD,,
530408725,onboardMD,,
530686324,onboardMD,,
530726617,onboardMD,,
530726626,onboardMD,,
530756395,onboardMD,,
530824198,onboardMD,,
531131524,onboardMD,,
531164938,onboardMD,,
531895954,onboardMD,,
531946645,onboardMD,,
531974689,onboardMD,,
532264345,onboardMD,,
532308973,onboardMD,,
532360246,onboardMD,,
532390051,onboardMD,,
532751170,onboardMD,,
532829941,onboardMD,,
533083234,onboardMD,,
533135218,onboardMD,,
533163034,onboardMD,,
533206813,onboardMD,,
533206816,onboardMD,,
533206819,onboardMD,,
533234746,onboardMD,,
533552845,onboardMD,,
533596471,onboardMD,,
533651845,onboardMD,,
533665786,onboardMD,,
533946610,onboardMD,,
534722509,onboardMD,,
534769153,onboardMD,,
534800410,onboardMD,,
534830905,onboardMD,,
535167277,onboardMD,,
535181620,onboardMD,,
535195783,onboardMD,,
535208440,onboardMD,,
535239523,onboardMD,,
535574551,onboardMD,,
535602010,onboardMD,,
535618075,onboardMD,,
535945603,onboardMD,,
535960825,onboardMD,,
535989994,onboardMD,,
536034643,onboardMD,,
536048053,onboardMD,,
536073130,onboardMD,,
536394649,onboardMD,,
536480278,onboardMD,,
536785780,onboardMD,,
537592945,onboardMD,,
537651916,onboardMD,,
537679741,onboardMD,,
538003822,onboardMD,,
538041433,onboardMD,,
538041436,onboardMD,,
538397458,onboardMD,,
538428901,onboardMD,,
538459186,onboardMD,,
538490233,onboardMD,,
538531684,onboardMD,,
538843699,onboardMD,,
538902253,onboardMD,,
539272642,onboardMD,,
539343661,onboardMD,,
539655790,onboardMD,,
540509221,onboardMD,,
540577243,onboardMD,,
540867124,onboardMD,,
540929233,onboardMD,,
540969871,onboardMD,,
540985498,onboardMD,,
541003714,onboardMD,,
541359928,onboardMD,,
541403434,onboardMD,,
541429531,onboardMD,,
541707052,onboardMD,,
541780489,onboardMD,,
541805962,onboardMD,,
541834897,onboardMD,,
541860505,onboardMD,,
542185903,onboardMD,,
542219260,onboardMD,,
542333590,onboardMD,,
542676820,onboardMD,,
542696068,onboardMD,,
542717728,onboardMD,,
542848417,onboardMD,,
542892211,onboardMD,,
542918068,onboardMD,,
542942203,onboardMD,,
543094954,onboardMD,,
543119200,onboardMD,,
543142867,onboardMD,,
543165727,onboardMD,,
543317509,onboardMD,,
543360841,onboardMD,,
543360847,onboardMD,,
543360856,onboardMD,,
543383437,onboardMD,,
543552244,onboardMD,,
543594157,onboardMD,,
543727714,onboardMD,,
544078693,onboardMD,,
544101091,onboardMD,,
544148455,onboardMD,,
544304548,onboardMD,,
544324573,onboardMD,,
544346137,onboardMD,,
544503256,onboardMD,,
544543141,onboardMD,,
544715356,onboardMD,,
544715362,onboardMD,,
544715368,onboardMD,,
544774630,onboardMD,,
544905703,onboardMD,,
544945147,onboardMD,,
545073319,onboardMD,,
545413231,onboardMD,,
545453851,onboardMD,,
545474158,onboardMD,,
545494642,onboardMD,,
545655424,onboardMD,,
545698618,onboardMD,,
545825344,onboardMD,,
545869384,onboardMD,,
545890336,onboardMD,,
545911894,onboardMD,,
546078421,onboardMD,,
546099604,onboardMD,,
546120586,onboardMD,,
546267514,onboardMD,,
546308041,onboardMD,,
546439759,onboardMD,,
546953849,onboardMD,,
546972743,onboardMD,,
547007837,onboardMD,,
547026686,onboardMD,,
547269866,onboardMD,,
547308725,onboardMD,,
547308728,onboardMD,,
547308731,onboardMD,,
547345277,onboardMD,,
547590875,onboardMD,,
547650281,onboardMD,,
547902227,onboardMD,,
547961291,onboardMD,,
548211302,onboardMD,,
548245193,onboardMD,,
548485052,onboardMD,,
549101444,onboardMD,,
549151631,onboardMD,,
549398822,onboardMD,,
549471995,onboardMD,,
549666275,onboardMD,,
549718457,onboardMD,,
549754682,onboardMD,,
549771179,onboardMD,,
550033463,onboardMD,,
550087991,onboardMD,,
550336205,onboardMD,,
550406123,onboardMD,,
550637489,onboardMD,,
551208452,onboardMD,,
551281064,onboardMD,,
551540114,onboardMD,,
551611175,onboardMD,,
551863268,onboardMD,,
551937143,onboardMD,,
552171215,onboardMD,,
552189578,onboardMD,,
552242951,onboardMD,,
552490490,onboardMD,,
552561392,onboardMD,,
552784238,onboardMD,,
553371665,onboardMD,,
553425017,onboardMD,,
553425023,onboardMD,,
553672073,onboardMD,,
553708499,onboardMD,,
553742414,onboardMD,,
553996241,onboardMD,,
554030477,onboardMD,,
554047526,onboardMD,,
554259134,onboardMD,,
554297165,onboardMD,,
554368745,onboardMD,,
559209993,onboardMD,,
563265477,onboardMD,,
563318622,onboardMD,,
563550411,onboardMD,,
564397226,onboardMD,,
564840752,onboardMD,,
564880950,onboardMD,,
565049246,onboardMD,,
565087164,onboardMD,,
565248062,onboardMD,,
565669336,onboardMD,,
565694462,onboardMD,,
565707106,onboardMD,,
565888170,onboardMD,,
566103440,onboardMD,,
566144872,onboardMD,,
566326514,onboardMD,,
566365608,onboardMD,,
566734010,onboardMD,,
567158754,onboardMD,,
567195916,onboardMD,,
567360744,onboardMD,,
567578454,onboardMD,,
567616412,onboardMD,,
567798984,onboardMD,,
567829390,onboardMD,,
568001214,onboardMD,,
568039036,onboardMD,,
568191192,onboardMD,,
568231452,onboardMD,,
568602488,onboardMD,,
568636500,onboardMD,,
568814838,onboardMD,,
569027344,onboardMD,,
569039274,onboardMD,,
569230054,onboardMD,,
569256890,onboardMD,,
569256892,onboardMD,,
569447380,onboardMD,,
569482408,onboardMD,,
569494166,onboardMD,,
569656590,onboardMD,,
569674940,onboardMD,,
570021472,onboardMD,,
570033222,onboardMD,,
570044864,onboardMD,,
570219018,onboardMD,,
570462646,onboardMD,,
570496168,onboardMD,,
570673078,onboardMD,,
570704702,onboardMD,,
570876926,onboardMD,,
570912104,onboardMD,,
571089064,onboardMD,,
571474640,onboardMD,,
571511328,onboardMD,,
571689122,onboardMD,,
571913304,onboardMD,,
571938312,onboardMD,,
571961614,onboardMD,,
572096766,onboardMD,,
572108204,onboardMD,,
572145990,onboardMD,,
572316704,onboardMD,,
572362860,onboardMD,,
572935082,onboardMD,,
572974658,onboardMD,,
573147420,onboardMD,,
573184924,onboardMD,,
573376854,onboardMD,,
573414160,onboardMD,,
573594976,onboardMD,,
573607072,onboardMD,,
573632514,onboardMD,,
573837172,onboardMD,,
573906342,onboardMD,,
574028274,onboardMD,,
574400026,onboardMD,,
574446504,onboardMD,,
574829374,onboardMD,,
574866630,onboardMD,,
575849674,onboardMD,,
575886254,onboardMD,,
576070052,onboardMD,,
576280760,onboardMD,,
576327534,onboardMD,,
576474110,onboardMD,,
576499370,onboardMD,,
576537586,onboardMD,,
576713138,onboardMD,,
576749236,onboardMD,,
576929388,onboardMD,,
577304814,onboardMD,,
577353452,onboardMD,,
577523474,onboardMD,,
577737320,onboardMD,,
577759660,onboardMD,,
577770388,onboardMD,,
577946726,onboardMD,,
577965138,onboardMD,,
577983246,onboardMD,,
578143964,onboardMD,,
578183984,onboardMD,,
578326470,onboardMD,,
578334924,onboardMD,,
578706102,onboardMD,,
578727798,onboardMD,,
578944492,onboardMD,,
579153754,onboardMD,,
579198150,onboardMD,,
579374890,onboardMD,,
579408436,onboardMD,,
579585724,onboardMD,,
579618338,onboardMD,,
580176466,onboardMD,,
580199166,onboardMD,,
580271962,onboardMD,,
580410332,onboardMD,,
580614788,onboardMD,,
580653062,onboardMD,,
580824880,onboardMD,,
580872996,onboardMD,,
581047980,onboardMD,,
581083798,onboardMD,,
581312751,onboardMD,,
581938647,onboardMD,,
582011547,onboardMD,,
582011550,onboardMD,,
582339543,onboardMD,,
582607521,onboardMD,,
582918774,onboardMD,,
583239816,onboardMD,,
583291461,onboardMD,,
583531995,onboardMD,,
584140017,onboardMD,,
584478744,onboardMD,,
584826111,onboardMD,,
585072957,onboardMD,,
585373896,onboardMD,,
585420585,onboardMD,,
585645357,onboardMD,,
586230951,onboardMD,,
586586832,onboardMD,,
586867119,onboardMD,,
587158686,onboardMD,,
587497926,onboardMD,,
587797431,onboardMD,,
588539190,onboardMD,,
588721734,onboardMD,,
589034559,onboardMD,,
589361217,onboardMD,,
589683999,onboardMD,,
590004438,onboardMD,,
590742252,onboardMD,,
590935350,onboardMD,,
591256701,onboardMD,,
591593826,onboardMD,,
591611874,onboardMD,,
591904410,onboardMD,,
592219251,onboardMD,,
592838823,onboardMD,,
593157789,onboardMD,,
593234346,onboardMD,,
593546175,onboardMD,,
593816406,onboardMD,,
594136707,onboardMD,,
594430419,onboardMD,,
594780834,onboardMD,,
595022553,onboardMD,,
595362873,onboardMD,,
595697280,onboardMD,,
596032608,onboardMD,,
596396439,onboardMD,,
596697315,onboardMD,,
597000279,onboardMD,,
597293610,onboardMD,,
597551916,onboardMD,,
597864921,onboardMD,,
597864924,onboardMD,,
597864927,onboardMD,,
597864930,onboardMD,,
597884751,onboardMD,,
598255623,onboardMD,,
598505178,onboardMD,,
598581183,onboardMD,,
598839432,onboardMD,,
599136000,onboardMD,,
599434935,onboardMD,,
599714082,onboardMD,,
599756181,onboardMD,,
600080271,onboardMD,,
600769869,onboardMD,,
601051632,onboardMD,,
601380760,onboardMD,,
601639305,onboardMD,,
601900290,onboardMD,,
602194116,onboardMD,,
602566098,onboardMD,,
602939496,onboardMD,,
603204426,onboardMD,,
603471129,onboardMD,,
603840270,onboardMD,,
604065162,onboardMD,,
604088673,onboardMD,,
604299534,onboardMD,,
604472826,onboardMD,,
604739307,onboardMD,,
604923312,onboardMD,,
605141844,onboardMD,,
605324940,onboardMD,,
605342997,onboardMD,,
605483574,onboardMD,,
605516694,onboardMD,,
605536998,onboardMD,,
605932737,onboardMD,,
606014832,onboardMD,,
606114915,onboardMD,,
606127338,onboardMD,,
606211158,onboardMD,,
606308424,onboardMD,,
606405354,onboardMD,,
606514206,onboardMD,,
606643065,onboardMD,,
606661920,onboardMD,,
606722574,onboardMD,,
606866961,onboardMD,,
606907119,onboardMD,,
606943632,onboardMD,,
607072857,onboardMD,,
607152870,onboardMD,,
607192476,onboardMD,,
607271136,onboardMD,,
607472823,onboardMD,,
607692138,onboardMD,,
607719597,onboardMD,,
607794546,onboardMD,,
607896039,onboardMD,,
607996137,onboardMD,,
608095929,onboardMD,,
608276352,onboardMD,,
608367669,onboardMD,,
608373699,onboardMD,,
608511039,onboardMD,,
608614293,onboardMD,,
608627067,onboardMD,,
608717388,onboardMD,,
608828301,onboardMD,,
608951721,onboardMD,,
609107907,onboardMD,,
609255378,onboardMD,,
609352077,onboardMD,,
609358221,onboardMD,,
609465123,onboardMD,,
609485547,onboardMD,,
609587859,onboardMD,,
609693519,onboardMD,,
609699387,onboardMD,,
609826914,onboardMD,,
609926811,onboardMD,,
610214289,onboardMD,,
610231671,onboardMD,,
610316574,onboardMD,,
610418472,onboardMD,,
610513353,onboardMD,,
610604091,onboardMD,,
610759164,onboardMD,,
610917642,onboardMD,,
610934007,onboardMD,,
610944792,onboardMD,,
611050929,onboardMD,,
611158722,onboardMD,,
611253732,onboardMD,,
611348763,onboardMD,,
611490336,onboardMD,,
611490339,onboardMD,,
611497230,onboardMD,,
611627157,onboardMD,,
611770527,onboardMD,,
611792589,onboardMD,,
611867364,onboardMD,,
611893269,onboardMD,,
611918157,onboardMD,,
612003384,onboardMD,,
612100194,onboardMD,,
612175830,onboardMD,,
612191250,onboardMD,,
612203901,onboardMD,,
612372261,onboardMD,,
612441828,onboardMD,,
612476478,onboardMD,,
612569175,onboardMD,,
612584007,onboardMD,,
612629208,onboardMD,,
612724560,onboardMD,,
612724563,onboardMD,,
612732183,onboardMD,,
612838101,onboardMD,,
612843945,onboardMD,,
612848148,onboardMD,,
612848151,onboardMD,,
612966822,onboardMD,,
613177683,onboardMD,,
613177686,onboardMD,,
613314684,onboardMD,,
613314687,onboardMD,,
613478934,onboardMD,,
613478937,onboardMD,,
613546113,onboardMD,,
613606089,onboardMD,,
613606092,onboardMD,,
613676544,onboardMD,,
613780044,onboardMD,,
613780047,onboardMD,,
613869066,onboardMD,,
613869069,onboardMD,,
614033379,onboardMD,,
614033382,onboardMD,,
614154411,onboardMD,,
614398191,onboardMD,,
614431731,onboardMD,,
614431734,onboardMD,,
614552676,onboardMD,,
614747571,onboardMD,,
614837793,onboardMD,,
614991540,onboardMD,,
614991543,onboardMD,,
615178017,onboardMD,,
615260229,onboardMD,,
615311493,onboardMD,,
615311496,onboardMD,,
615388512,onboardMD,,
615388515,onboardMD,,
615562806,onboardMD,,
615562809,onboardMD,,
615835029,onboardMD,,
616012060,onboardMD,,
616012063,onboardMD,,
616186328,onboardMD,,
616186331,onboardMD,,
616286729,onboardMD,,
616286732,onboardMD,,
616781894,onboardMD,,
616873760,onboardMD,,
616873763,onboardMD,,
617210003,onboardMD,,
617210006,onboardMD,,
617216756,onboardMD,,
617249183,onboardMD,,
617273576,onboardMD,,
617306327,onboardMD,,
617581892,onboardMD,,
617581895,onboardMD,,
617595698,onboardMD,,
617595701,onboardMD,,
617616134,onboardMD,,
617968376,onboardMD,,
617968379,onboardMD,,
618195008,onboardMD,,
618203660,onboardMD,,
618447842,onboardMD,,
618757208,onboardMD,,
618757211,onboardMD,,
619023392,onboardMD,,
619023395,onboardMD,,
619154258,onboardMD,,
619270253,onboardMD,,
619602155,onboardMD,,
619814498,onboardMD,,
619814501,onboardMD,,
619940591,onboardMD,,
619940594,onboardMD,,
620616842,onboardMD,,
620734070,onboardMD,,
620771525,onboardMD,,
620771528,onboardMD,,
620883095,onboardMD,,
621158792,onboardMD,,
621158795,onboardMD,,
621286736,onboardMD,,
621381155,onboardMD,,
621381158,onboardMD,,
621595739,onboardMD,,
621595742,onboardMD,,
621736577,onboardMD,,
622118477,onboardMD,,
622126850,onboardMD,,
622126853,onboardMD,,
622738970,onboardMD,,
622846628,onboardMD,,
623047460,onboardMD,,
623292143,onboardMD,,
623292146,onboardMD,,
623450732,onboardMD,,
623745494,onboardMD,,
623745497,onboardMD,,
624803894,onboardMD,,
624803897,onboardMD,,
625214180,onboardMD,,
625214183,onboardMD,,
625439093,onboardMD,,
625439096,onboardMD,,
625541261,onboardMD,,
625541264,onboardMD,,
625717691,onboardMD,,
625717694,onboardMD,,
625859579,onboardMD,,
625859582,onboardMD,,
625994018,onboardMD,,
625994021,onboardMD,,
626281622,onboardMD,,
626281628,onboardMD,,
626742665,onboardMD,,
626910998,onboardMD,,
626948096,onboardMD,,
627326873,onboardMD,,
627326885,onboardMD,,
627518216,onboardMD,,
627518219,onboardMD,,
627732575,onboardMD,,
627851537,onboardMD,,
627851540,onboardMD,,
628038008,onboardMD,,
628038011,onboardMD,,
628396565,onboardMD,,
628396568,onboardMD,,
628405625,onboardMD,,
628696835,onboardMD,,
628696838,onboardMD,,
630442463,onboardMD,,
630442466,onboardMD,,
630450551,onboardMD,,
630450554,onboardMD,,
631095836,onboardMD,,
631103468,onboardMD,,
631615712,onboardMD,,
631615715,onboardMD,,
631974535,onboardMD,,
631974538,onboardMD,,
632083438,onboardMD,,
632083441,onboardMD,,
632552230,onboardMD,,
632552233,onboardMD,,
632668519,onboardMD,,
632668522,onboardMD,,
632855110,onboardMD,,
632855113,onboardMD,,
632871622,onboardMD,,
632871625,onboardMD,,
632968240,onboardMD,,
632968243,onboardMD,,
633159259,onboardMD,,
633167503,onboardMD,,
633561283,onboardMD,,
633561286,onboardMD,,
633659791,onboardMD,,
633659794,onboardMD,,
633704977,onboardMD,,
634006165,onboardMD,,
634006168,onboardMD,,
634154686,onboardMD,,
634154689,onboardMD,,
634526287,onboardMD,,
634526290,onboardMD,,
634694599,onboardMD,,
634694602,onboardMD,,
634812325,onboardMD,,
634812328,onboardMD,,
635007712,onboardMD,,
635116447,onboardMD,,
635495656,onboardMD,,
635495659,onboardMD,,
636012895,onboardMD,,
636020722,onboardMD,,
637017421,onboardMD,,
637017424,onboardMD,,
637564783,onboardMD,,
637564786,onboardMD,,
638173309,onboardMD,,
638173312,onboardMD,,
638555626,onboardMD,,
638555629,onboardMD,,
639891127,onboardMD,,
639891130,onboardMD,,
640248910,onboardMD,,
640248913,onboardMD,,
640738591,onboardMD,,
640738594,onboardMD,,
641125699,onboardMD,,
641182885,onboardMD,,
641765158,onboardMD,,
641765161,onboardMD,,
642209572,onboardMD,,
642209575,onboardMD,,
642801148,onboardMD,,
642801151,onboardMD,,
643440892,onboardMD,,
643440895,onboardMD,,
643582300,onboardMD,,
643762087,onboardMD,,
643762090,onboardMD,,
645081109,onboardMD,,
645081112,onboardMD,,
645372721,onboardMD,,
645372724,onboardMD,,
646428409,onboardMD,,
646428412,onboardMD,,
646434904,onboardMD,,
646754572,onboardMD,,
646754575,onboardMD,,
647259289,onboardMD,,
647259292,onboardMD,,
647422387,onboardMD,,
647435182,onboardMD,,
647929621,onboardMD,,
647929627,onboardMD,,
648724573,onboardMD,,
648724576,onboardMD,,
648937591,onboardMD,,
648937594,onboardMD,,
649287623,onboardMD,,
649424408,onboardMD,,
649424411,onboardMD,,
649792585,onboardMD,,
649792588,onboardMD,,
649792591,onboardMD,,
650087944,onboardMD,,
650087947,onboardMD,,
650749021,onboardMD,,
650749024,onboardMD,,
651175102,onboardMD,,
651284209,onboardMD,,
651284212,onboardMD,,
651476437,onboardMD,,
652001695,onboardMD,,
652001698,onboardMD,,
653098678,onboardMD,,
653098681,onboardMD,,
653520154,onboardMD,,
653520157,onboardMD,,
653625691,onboardMD,,
653625694,onboardMD,,
654282979,onboardMD,,
654282982,onboardMD,,
655179154,onboardMD,,
655179157,onboardMD,,
655546612,onboardMD,,
655546615,onboardMD,,
656223973,onboardMD,,
656223976,onboardMD,,
656353324,onboardMD,,
656353327,onboardMD,,
656453821,onboardMD,,
656453824,onboardMD,,
656453827,onboardMD,,
657046894,onboardMD,,
657046897,onboardMD,,
657621551,onboardMD,,
657621554,onboardMD,,
658411883,onboardMD,,
658411886,onboardMD,,
461036222,Incorporation case study,,
461037581,Benefits of incorporation,,
505182944,What do you want to know about your future?,,
653616001,Video: 2020 Tax Tips for Medical Students,,
653616004,Video: 2020 Tax Tips for Retired Physicians,,
653616007,Video: 2020 Tax Tips for Resident Physicians,,
653616010,Video: 2020 Tax Tips for Physicians,,
654402151,Video: MD employees say thank you on National Physicians Day,,
660467693,Go paperless with My MD,,
660467696,We’ve launched a whole new My MD,,
665176523,Behind the Mask,,